Bureau of Justice Statistics,,,,
Filename:cv16at01.csv,,,,
"Appendix Table 1. Estimates and standard errors for figure 1: Percent of victimizations reported to police, 2016",,,,
"Report title: Criminal Victimization, 2016",,,,
"Data source: Bureau of Justice Statistics, National Crime Victimization Survey, 2016.",,,,
"Author(s): Rachel E. Morgan, Ph.D., and Grace Kena, BJS Statisticians",,,,
Refer questions to: askbjs@usdoj.gov or 202-307-0765 ,,,,
Date of version: 11/30/2017,,,,
,,,,
"Appendix Table 1. Estimates and standard errors for figure 1: Percent of victimizations reported to police, 2016",,,,
,,,,
Type of crime,Percent,,Standard error,
Violent victimization,42.1,%,2.10,%
Serious violent victimization,51.3,,3.07,
Property victimization,35.7,,0.88,
"Source: Bureau of Justice Statistics, National Crime Victimization Survey, 2016.",,,,
