Bureau of Justice Statistics,,,,
Filename:cv16at10.csv,,,,
"Appendix Table 10. Standard errors for table 7: Percent of violent victimizations in which victims received assistance from a victim service agency, by type of crime, 2016",,,,
"Report title: Criminal Victimization, 2016",,,,
"Data source: Bureau of Justice Statistics, National Crime Victimization Survey, 2016.",,,,
"Author(s): Rachel E. Morgan, Ph.D., and Grace Kena, BJS Statisticians",,,,
Refer questions to: askbjs@usdoj.gov or 202-307-0765 ,,,,
Date of version: 11/30/2017,,,,
,,,,
"Appendix Table 10. Standard errors for table 7: Percent of violent victimizations in which victims received assistance from a victim service agency, by type of crime, 2016",,,,
,,,,
Type of crime,,,Percent,
Violent crime,,,1.03,%
,Serious violent crime ,,1.73,
,Simple assault,,1.08,
Intimate partner violence,,,3.76,%
Violent crime involving injury,,,1.99,%
Violent crime involving a weapon,,,2.11,%
"Source: Bureau of Justice Statistics, National Crime Victimization Survey, 2016.",,,,
