Bureau of Justice Statistics,,,
Filename:cv16at16.csv,,,
"Appendix Table 16. Standard errors for table 12: Rate of victimization in new, continuing, and total sample counties, 2016",,,
"Report title: Criminal Victimization, 2016",,,
"Data source: Bureau of Justice Statistics, National Crime Victimization Survey, 2016; and U.S. Census Bureau, National Crime Victimization Survey Internal Data, 2016. ",,,
"Author(s): Rachel E. Morgan, Ph.D., and Grace Kena, BJS Statisticians",,,
Refer questions to: askbjs@usdoj.gov or 202-307-0765 ,,,
Date of version: 11/30/2017,,,
,,,
"Appendix Table 16. Standard errors for table 12: Rate of victimization in new, continuing, and total sample counties, 2016",,,
,,,
Type of crime,New sample counties,Continuing sample counties,Total sample counties
Total violent crime,1.26,1.2,0.95
Serious violent crime,0.61,0.53,0.46
Total property crime,4.1,3.02,2.19
"Source: Bureau of Justice Statistics, National Crime Victimization Survey, 2016; and U.S. Census Bureau, National Crime Victimization Survey Internal Data, 2016. ",,,
