Bureau of Justice Statistics,,
Filename:cv16t03.csv,,
"Table 3. Firearm violence, 2016",,
"Report title: Criminal Victimization, 2016",,
"Data source: Bureau of Justice Statistics, National Crime Victimization Survey, 2016.",,
"Author(s): Rachel E. Morgan, Ph.D., and Grace Kena, BJS Statisticians",,
Refer questions to: askbjs@usdoj.gov or 202-307-0765 ,,
Date of version: 11/30/2017,,
,,
"Table 3. Firearm violence, 2016",,
,,
,Estimate,
Firearm incidents,"416,350",
Firearm victimizations,"480,940",
Rate of firearm violence*,1.8,
Percent of firearm victimizations reported to police,60.5,%
"Note: Includes violent incidents and victimizations in which the offender had, showed, or used a firearm. An incident is a specific criminal act involving one or more victims or victimizations, while a victimization refers to each person or household involved in the incident. See appendix table 6 for standard errors.",,
"*Per 1,000 persons age 12 or older.",,
"Source: Bureau of Justice Statistics, National Crime Victimization Survey, 2016.",,
