Bureau of Justice Statistics,,,,,,,,
Filename:cv16at02.csv,,,,,,,,
"Appendix Table 2. Standard errors for table 1: Victimization rates in NCVS continuing, outgoing, and new sample counties, 2015 and 2016",,,,,,,,
"Report title: Criminal Victimization, 2016",,,,,,,,
"Data source: Bureau of Justice Statistics, based on internal data from the U.S. Census Bureau, National Crime Victimization Survey, 2015�2016. ",,,,,,,,
"Author(s): Rachel E. Morgan, Ph.D., and Grace Kena, BJS Statisticians",,,,,,,,
Refer questions to: askbjs@usdoj.gov or 202-307-0765 ,,,,,,,,
Date of version: 11/30/2017,,,,,,,,
,,,,,,,,
"Appendix Table 2. Standard errors for table 1: Victimization rates in NCVS continuing, outgoing, and new sample counties, 2015 and 2016",,,,,,,,
,,,,,,,,
,Continuing NCVS sample counties,,,,Outgoing NCVS sample counties/new NCVS sample counties,,,
,,,,,,,,
Type of crime,2015,,2016,,,2015 outgoing,,2016 new
Total violent crime,1.25,,1.2,,,2.33,,1.26
Serious violent crime,0.66,,0.53,,,0.9,,0.61
Total property crime,2.79,,3.02,,,8.71,,4.1
"Source: Bureau of Justice Statistics, based on internal data from the U.S. Census Bureau, National Crime Victimization Survey, 2015�2016. ",,,,,,,,
