Bureau of Justice Statistics,,
Filename:cv16at06.csv,,
"Appendix Table 6. Standard errors for table 3: Firearm violence, 2016",,
"Report title: Criminal Victimization, 2016",,
"Data source: Bureau of Justice Statistics, National Crime Victimization Survey, 2016.",,
"Author(s): Rachel E. Morgan, Ph.D., and Grace Kena, BJS Statisticians",,
Refer questions to: askbjs@usdoj.gov or 202-307-0765 ,,
Date of version: 11/30/2017,,
,,
"Appendix Table 6. Standard errors for table 3: Firearm violence, 2016",,
,Estimate,
Firearm incidents,"56,239",
Firearm victimizations,"61,968",
Rate of firearm violence,0.23,
Percent of firearm victimizations reported  to police,4.9,%
"Source: Bureau of Justice Statistics, National Crime Victimization Survey, 2016.",,
